{"DUST": 9260.839843749998, "MQ4": 1.0746602586099396, "MQ135": 457.41368817290356, "MQ6": 2.372380772974136}